{
    "$schema": "https://schema.management.azure.com/schemas/2019-04-01/deploymentTemplate.json#",
    "contentVersion": "1.0.0.0",
    "parameters": {
        "virtualMachines_demo1_name": {
            "defaultValue": "demo1",
            "type": "String"
        },
        "disks_demo1_OsDisk_1_d13f76860eaa4082bd6e3272da38598b_externalid": {
            "defaultValue": "/subscriptions/00c0c05d-1742-4296-ac0f-e5599ded8b24/resourceGroups/workshop/providers/Microsoft.Compute/disks/demo1_OsDisk_1_d13f76860eaa4082bd6e3272da38598b",
            "type": "String"
        },
        "networkInterfaces_demo145_externalid": {
            "defaultValue": "/subscriptions/00c0c05d-1742-4296-ac0f-e5599ded8b24/resourceGroups/workshop/providers/Microsoft.Network/networkInterfaces/demo145",
            "type": "String"
        }
    },
    "variables": {},
    "resources": [
        {
            "type": "Microsoft.Compute/virtualMachines",
            "apiVersion": "2021-03-01",
            "name": "[parameters('virtualMachines_demo1_name')]",
            "location": "westus3",
            "properties": {
                "hardwareProfile": {
                    "vmSize": "Standard_D2s_v3"
                },
                "storageProfile": {
                    "imageReference": {
                        "publisher": "MicrosoftWindowsServer",
                        "offer": "WindowsServer",
                        "sku": "2019-datacenter-gensecond",
                        "version": "latest"
                    },
                    "osDisk": {
                        "osType": "Windows",
                        "name": "[concat(parameters('virtualMachines_demo1_name'), '_OsDisk_1_d13f76860eaa4082bd6e3272da38598b')]",
                        "createOption": "FromImage",
                        "caching": "ReadWrite",
                        "managedDisk": {
                            "storageAccountType": "Premium_LRS",
                            "id": "[parameters('disks_demo1_OsDisk_1_d13f76860eaa4082bd6e3272da38598b_externalid')]"
                        },
                        "diskSizeGB": 127
                    },
                    "dataDisks": []
                },
                "osProfile": {
                    "computerName": "[parameters('virtualMachines_demo1_name')]",
                    "adminUsername": "mach1",
                    "windowsConfiguration": {
                        "provisionVMAgent": true,
                        "enableAutomaticUpdates": true,
                        "patchSettings": {
                            "patchMode": "AutomaticByOS",
                            "assessmentMode": "ImageDefault",
                            "enableHotpatching": false
                        }
                    },
                    "secrets": [],
                    "allowExtensionOperations": true,
                    "requireGuestProvisionSignal": true
                },
                "networkProfile": {
                    "networkInterfaces": [
                        {
                            "id": "[parameters('networkInterfaces_demo145_externalid')]"
                        }
                    ]
                },
                "diagnosticsProfile": {
                    "bootDiagnostics": {
                        "enabled": true
                    }
                }
            }
        },
        {
            "type": "Microsoft.Compute/virtualMachines/extensions",
            "apiVersion": "2021-03-01",
            "name": "[concat(parameters('virtualMachines_demo1_name'), '/enablevmaccess')]",
            "location": "westus3",
            "dependsOn": [
                "[resourceId('Microsoft.Compute/virtualMachines', parameters('virtualMachines_demo1_name'))]"
            ],
            "properties": {
                "autoUpgradeMinorVersion": true,
                "publisher": "Microsoft.Compute",
                "type": "VMAccessAgent",
                "typeHandlerVersion": "2.0",
                "settings": {
                    "UserName": "demovm"
                },
                "protectedSettings": {}
            }
        }
    ]
}